"상품명","판매가"
"EPS-15-5","8200"
"HRP-75-5","44300"
"RSDW20H-05","48100"
"RSD-60G-12","44300"
"RSD-30G-12","35400"
"IRM-10-15","7900"
"NDR-75-48","22700"
"XLG-75-24-A","24800"
"RPS-65-12","20400"
"RPS-45-5","20400"
"SPRN01N-5","5600"
"MSP-450-48","178000"
"HLG-240H-24A","75600"
"HLG-185H-24A","61400"
"HLG-150H-24A","53200"
"HLG-600H-48A","209300"
"LRS-450-5","58600"
"SD-25B-12","28400"
"SD-50B-24","32600"
"SD-50B-12","36100"
"ELG-300-12A","79200"
"LRS-600-15","60500"
"EPS-65S-12","16800"
"EPS-35-24","13200"
"MSP-450-24","175500"
"RSD-200B-24","114000"
"RSD-150B-24","106000"
"MFM-05-12","8800"
"ERDN40-24","49000"
"IRM-02-5","5200"
"HLG-320H-30A","106000"
"HRP-200-24","78800"
"HRP-200-12","83700"
"RST-5000-24","1826300"
"LRS-50-3.3","13100"
"SD-150C-24","61400"
"DDR-15L-24","23800"
"DDR-15L-5","23800"
"XLG-25-A","24800"
"UHP-350-24","81900"
"LRS-150F-5","23000"
"LOP-300-48","52200"
"[민웰","200"
"IRM-03-15","6500"
"XLG-320-M-AB","79200"
"XLG-150-L-AB","43600"
"SD-25B-24","28900"
"HLG-600H-24A","204000"
"LRS-1200-36","161700"
"RSP-100-5","40800"
"HRP-100-24","52400"
"HRP-150-24","58500"
"NSP-3200-48","567500"
"NSP-3200-24","542500"
"NSP-1600-24","417800"
"NSP-1600-12","462300"
"NSP-750-24","196000"
"NSP-750-12","196000"
"NSP-500-24","99400"
"NSP-500-12","99400"
"NSP-320-24","55900"
"NSP-320-12","55900"
"NSP-200-24","46500"
"NSP-200-12","46500"
"NSP-150-24","40400"
"NSP-150-12","40400"
"NSP-100-24","38000"
"NSP-100-12","38000"
"NSP-75-24","33800"
"NSP-75-12","33800"
"DDR-15G-15","23000"
"XDR-960-48","284400"
"XDR-960-36","284400"
"XDR-960-24","284400"
"XDR-75-48","36700"
"XDR-75-36","36700"
"XDR-75-24","36700"
"XDR-75-12","36700"
"XDR-480-48","160400"
"XDR-480-36","160400"
"XDR-480-24","160400"
"XDR-480-12","160400"
"XDR-240-48","100300"
"XDR-240-36","100300"
"XDR-240-24","100300"
"XDR-240-12","100300"
"XDR-120-48","59800"
"XDR-120-36","59800"
"XDR-120-24","59800"
"XDR-120-12","59800"
"DDR-30L-5","31000"
"LRS-150F-36","24800"
"HRP-150-15","63700"
"PT-45C","25600"
"RSP-2400-48","458800"
"[국내재고보유]","123800"
"EDR-75-12","19700"
"DDR-30G-24","32000"
"RPS-65-5","21300"
"XLG-240-M-AB","62100"
"XLG-100-L-AB","43500"
"RS-50-5","15000"
"DDR-60G-24","36400"
"DDR-30G-12","27500"
"EPS-35-36","14000"
"EPS-35-15","14000"
"RSP-75-5","33100"
"HLG-150H-48B","68000"
"HLG-185H-48B","75600"
"HLG-120H-48B","53300"
"HLG-600H-54AB","215200"
"RS-15-15","8300"
"RSP-320-15","56900"
"RSP-320-5","50600"
"민웰","34600"
"DDR-240B-24","106000"
"IRM-01-12","5200"
"RPS-75-5","25800"
"NPB-450-72","213800"
"RS-50-3.3","16800"
"[예약건]","1195800"
"XLG-50-A","24900"
"RPS-75-48","29300"
"LRS-150F-15","25400"
"HDR-15-5","11600"
"HDR","10400"
"ELG-300-24A","75600"
"CSP-3000-400","392900"
"EPS-120-27","23900"
"RPS-200-27","52500"
"RPS-120-12","27700"
"DDR-120C-48","68500"
"DDR-480B-24","246700"
"IRM-03-12","6100"
"RD-125A","34500"
"IRM-30-5","12200"
"SPUN02N-05","7900"
"HLG-150H-30A","57000"
"NPP-750-48","204000"
"LOP-200-15","43600"
"XLG-320-V-A","70300"
"WDR-120-12","54200"
"RSD-200B-12","114900"
"RPS-120-24","26500"
"RD-125-2448","34600"
"HRPG-1000-48","257400"
"IRM-45-12ST","18600"
"HRP-600-48","167400"
"HLG-240H-36A","66700"
"RS-50-15","13900"
"RD-35A","15000"
"HLG-60H-36A","37400"
"MDR-100-12","28800"
"MFM-05-5","8800"
"MFM-20-12","10400"
"RQ-50C","24900"
"DDR-15G-24","19600"
"DDR-15G-12","19600"
"DDR-15G-5","19600"
"IRM-15-12","9300"
"IRM-20-12","9700"
"IRM-05-12","8200"
"IRM-05-5","8200"
"IRM-03-5","6500"
"IRM-10-12","8400"
"WDR-60-48","52500"
"WDR-480-48","168300"
"WDR-240-48","112800"
"WDR-120-48","71000"
"TDR-960-48","221700"
"TDR-480-48","123800"
"TDR-240-48","79200"
"RS-25-15","10800"
"RS-150-5","26500"
"RS-150-12","24400"
"RPS-75-24","23000"
"RPS-75-12","22000"
"RPS-160-12","51800"
"MDR-60-48","20300"
"MDR-40-48","19700"
"MDR-20-15","12400"
"MDR-10-15","10700"
"MDR-100-48","34400"
"LRS-600-27","60400"
"LRS-50-15","11200"
"LRS-450-15","52500"
"LRS-200-15","25700"
"IRM-10-24","7900"
"HDR-60-15","17500"
"HDR-30-15","14400"
"HDR-150-48","40800"
"HDR-150-24","30400"
"HDR-150-15","42600"
"HDR-150-12","30300"
"HDR-100-15","27100"
"EPS-65-48","15800"
"EPS-45-48","14900"
"RSP-150-15","42700"
"RD-125B","32800"
"MSP-300-12","141600"
"DRDN40-12","44300"
"UHP-350-36","75600"
"IRM-20-24","10500"
"DRDN40-24","44300"
"DDR-480C-12","247600"
"LRS-1200-48","176300"
"EPS-45-12","14900"
"RSP-100-12","33000"
"LOP-600-24","102400"
"LOP-200-24","47900"
"LOP-200-12","40900"
"HDR-100-48","33600"
"HDR-60-48","18700"
"SE-1500-48","239600"
"SDR-960-48","218900"
"SDR-480-48","128200"
"NDR-120-48","23200"
"LRS-450-36","56700"
"LRS-150F-12","18600"
"LRS-100-36","13500"
"LRS-75-36","13200"
"LRS-50-48","12400"
"LRS-50-36","12400"
"LRS-35-48","11400"
"RSD-60H-12","48000"
"LRS-350-15","27700"
"RKP-1UT","579000"
"RCP-2000-48","694900"
"UHP-1500-48","391100"
"RSP-320-48","45900"
"HRP-300-15","82900"
"HLG-185H-36","58000"
"EPS-65S-5","16800"
"ELG-300-24A-3Y","87200"
"EPS-35-12","12300"
"DDR-120D-24","67600"
"DBU-3200-48","873000"
"RSP-100-24","33100"
"SE-1000-48","175400"
"SPAN02A-15","12600"
"LRS-1200-12","176300"
"WDR-60-24","39500"
"WDR-60-5","47100"
"MSP-100-24","59400"
"MSP-300-36","150400"
"MSP-300-24","141600"
"SBTN01L-05N","4800"
"MFM-30-5","24800"
"MFM-15-15","14200"
"LRS-75-15","13100"
"LRS-35-36","10600"
"UHP-200-12","59600"
"RS-25-48","11700"
"DPUN02L-15","5100"
"SPUN02L-15","5000"
"SPUN02L-05","5000"
"MDR-10-12","10200"
"LRS-350-36","26600"
"HLG-80H-12","46900"
"ELG-150-24A-3Y","44300"
"ELG-100-24A-3Y","34700"
"ELG-75-24A-3Y","37100"
"DDR-30L-24","27200"
"DDR-120B-24","68600"
"DDR-120B-12","68600"
"HLG-40H-12","37600"
"NTS-400P-224","135300"
"IRM-20-5","10400"
"ELG-150-36A-3Y","40100"
"LRS-100-15","15700"
"RSP-75-12","31000"
"XDR-960E-48","240400"
"XDR-960E-36","240400"
"XDR-960E-24","212700"
"XDR-75E-48","28400"
"XDR-75E-36","28400"
"XDR-75E-24","28400"
"XDR-75E-12","28400"
"XDR-480E-48","106800"
"XDR-480E-36","106800"
"XDR-480E-24","106800"
"XDR-480E-12","97100"
"XDR-240E-48","56000"
"XDR-240E-36","56000"
"XDR-240E-24","52500"
"XDR-240E-12","56000"
"XDR-150E-48","33700"
"XDR-150E-36","33700"
"XDR-150E-24","33700"
"XDR-150E-12","33700"
"XDR-120E-48","26400"
"XDR-120E-36","26400"
"XDR-120E-24","26400"
"XDR-120E-12","26400"
"WDR-480-24","146100"
"WDR-240-24","102300"
"WDR-120-24","53800"
"TDR-960-24","215100"
"TDR-480-24","108000"
"TDR-240-24","68600"
"SE-1500-24","239600"
"SE-1500-12","256900"
"SE-1000-24","179000"
"SE-1000-12","182600"
"SDR-960-24","215600"
"SDR-75-24","29500"
"SDR-75-12","30800"
"SDR-480-24","121200"
"SDR-240-48","81500"
"SDR-240-24","77200"
"SDR-120-48","48000"
"SDR-120-24","47500"
"SDR-120-12","47600"
"RT-85C","26400"
"RT-85B","26100"
"RT-65D","19800"
"RT-65C","19800"
"RT-65B","19800"
"RT-50C","16400"
"RT-50B","17100"
"RT-50A","17100"
"RT-125C","31200"
"RT-125B","31200"
"RT-125A","31200"
"RSP-750-48","163000"
"RSP-750-27","198600"
"RSP-750-24","167400"
"RSP-750-12","165600"
"RSP-75-24","28900"
"RSP-500-48","82200"
"RSP-500-27","96200"
"RSP-500-24","75100"
"RSP-500-15","93400"
"RSP-500-12","79200"
"RSP-320-27","55700"
"RSP-320-24","43900"
"RSP-320-12","45200"
"RSP-3000-48","463100"
"RSP-3000-24","479600"
"RSP-3000-12","509600"
"RSP-2400-24","436500"
"RSP-2400-12","465000"
"RSP-200-48","41400"
"RSP-200-24","37300"
"RSP-200-12","41400"
"RSP-2000-48","413700"
"RSP-2000-24","433800"
"RSP-2000-12","457000"
"RSP-1600-48","454300"
"RSP-1600-36","453400"
"RSP-1600-24","423100"
"RSP-150-24","32300"
"RSP-100-15","39200"
"RSP-1500-48","388700"
"RSP-1500-24","390200"
"RSP-1500-12","397200"
"RSP-1000-48","239600"
"RSP-1000-27","260100"
"RSP-1000-24","234100"
"RSP-1000-12","251200"
"RS-75-24","15800"
"RS-75-12","15800"
"RS-50-24","11400"
"RS-50-12","12700"
"RS-35-24","11200"
"RS-35-12","11200"
"RS-25-24","8200"
"RS-25-12","8400"
"RS-25-5","9000"
"RS-15-5","7200"
"RS-15-24","6900"
"RS-15-12","6900"
"RS-15-3.3","8300"
"RS-150-24","21600"
"RS-100-15","23600"
"RS-100-12","21900"
"RPS-60-12","16300"
"RPS-60-5","16100"
"RPS-200-48","58700"
"RPS-200-24","50800"
"RPS-200-12","49800"
"RPS-120-15","30200"
"RPS-120-12-C","32500"
"RD-85B","25700"
"RD-85A","25700"
"RD-65B","19300"
"RD-65A","19600"
"RD-50B","17000"
"RD-50A","16700"
"RD-35B","14200"
"PD-25A","19300"
"PSP-600-24","168300"
"NDR-75-24","20700"
"NDR-75-12","20700"
"NDR-480-48","85200"
"민웰","86400"
"NDR-240-48","45300"
"NDR-240-24","44900"
"NDR-120-24","23900"
"NDR-120-12","23600"
"민웰","16400"
"MDR-60-12","16100"
"MDR-60-5","16700"
"MDR-40-5","15300"
"MDR-40-24","15100"
"MDR-40-12","15100"
"MDR-20-5","12400"
"MDR-20-24","11300"
"MDR-20-12","11300"
"MDR-10-5","10600"
"MDR-10-24","10200"
"MDR-100-24","28500"
"MSP-100-12","56300"
"LRS-1200-24","146000"
"LRS-75-5","12200"
"LRS-75-48","11900"
"LRS-75-24","10600"
"LRS-75-12","11100"
"LRS-600-48","48900"
"LRS-600-36","55200"
"LRS-600-24","48100"
"LRS-600-12","48100"
"LRS-600-5","66200"
"LRS-50-5","10100"
"민웰","9300"
"LRS-50-12","8500"
"LRS-450-24","40000"
"LRS-450-12","40000"
"LRS-35-5","9600"
"LRS-35-24","8300"
"LRS-35-15","9800"
"LRS-35-12","8400"
"LRS-450-48","42600"
"LRS-350-5","27000"
"LRS-350-48","24800"
"LRS-350-24","24900"
"LRS-350-12","25300"
"LRS-200-5","23000"
"LRS-200-48","20600"
"LRS-200-36","22800"
"LRS-200-24","19600"
"LRS-200-12","20400"
"LRS-150F-24","19400"
"LRS-150-48","16400"
"LRS-150-36","16300"
"LRS-150-24","14200"
"LRS-150-15","17300"
"LRS-150-12","15100"
"LRS-100-5","14200"
"LRS-100-48","12800"
"LRS-100-24","11500"
"LRS-100-12","12200"
"LOP-600-48","86500"
"LOP-500-24","84100"
"LOP-500-12","85500"
"LOP-400-24","74800"
"LOP-400-12","74800"
"LOP-300-24","44800"
"LOP-300-12","44800"
"IRM-60-24","15000"
"IRM-60-12","15900"
"IRM-30-24","14200"
"IRM-30-12","13900"
"IRM-10-5","7500"
"HRPG-150-5","65900"
"HRPG-1000-24","230700"
"HRPG-1000-12","236900"
"HRP-600-24","156800"
"HRP-600-15","158500"
"HRP-450-24","153200"
"HRP-300-24","87300"
"HRP-300-12","94400"
"HRP-100-15","53000"
"HRP-75-24","42500"
"HLG-150H-36A","57000"
"HLG-150H-30","57000"
"HLG-185H-36A","53300"
"HLG-185H-24","62100"
"HLG-120H-15A","57400"
"HLG-40H-24","37300"
"HDR-60-5","18300"
"HDR-60-24","15800"
"HDR-60-12","15800"
"HDR-30-5","13600"
"HDR-30-48","16300"
"HDR-30-24","11900"
"HDR-30-12","12200"
"HDR-15-24","9800"
"HDR-15-12","9800"
"HDR-100-24","23600"
"HDR-100-12","24000"
"[국내재고보유]","97100"
"[국내재고보유]","17800"
"ERDN20-24","28500"
"EPS-45-24","15000"
"EPS-65-24","15200"
"EPS-120-24","24700"
"EPS-120-12","17300"
"EPS-65-12","15000"
"EPS-15-12","8200"
"EPP-300-24","58700"
"EPP-300-12","65400"
"ELG-240-24A-3Y","55100"
"EDR-75-48","23000"
"EDR-75-24","18700"
"EDR-150-24","22100"
"EDR-120-24","21800"
"DUPS20","32000"
"DRDN20-24","21800"
"DDR-60G-12","37400"
"DDR-480C-24","212900"
"DDR-240C-24","103300"
"DDR-30L-12","31000"
"DDR-30G-5","31000"
"DDR-15L-12","23100"
"DDR-120C-24","67100"
"CSP-3000-120","425800"
