"product_id","model_key","status"
"CSP-3000-120","CSP-3000","matched"
"CSP-3000-400","CSP-3000","matched"
"DBU-3200-48","DBU-3200","matched"
"DDR-120C-24","DDR-120","matched"
"DDR-120C-48","DDR-120","matched"
"DDR-120D-24","DDR-120","matched"
"DDR-15G-12","DDR-15","matched"
"DDR-15G-15","DDR-15","matched"
"DDR-15G-24","DDR-15","matched"
"DDR-15G-5","DDR-15","matched"
"DDR-15L-12","DDR-15","matched"
"DDR-15L-24","DDR-15","matched"
"DDR-15L-5","DDR-15","matched"
"DDR-240B-24","DDR-240","matched"
"DDR-240C-24","DDR-240","matched"
"DDR-30G-12","DDR-30","matched"
"DDR-30G-24","DDR-30","matched"
"DDR-30G-5","DDR-30","matched"
"DDR-30L-12","DDR-30","matched"
"DDR-30L-5","DDR-30","matched"
"DDR-480B-24","DDR-480","matched"
"DDR-480C-12","DDR-480","matched"
"DDR-480C-24","DDR-480","matched"
"DDR-60G-12","DDR-60","matched"
"DDR-60G-24","DDR-60","matched"
"DDR-60G-5","DDR-60","matched"
"DDR-60L-5","DDR-60","matched"
"DRA-60-24","DRA-60","matched"
"DUPS20","DUPS20","matched"
"DUPS20_1","DUPS20","matched"
"EDR-120-24","EDR-120","matched"
"EDR-150-24","EDR-150","matched"
"EDR-75-12","EDR-75","matched"
"EDR-75-24","EDR-75","matched"
"EDR-75-48","EDR-75","matched"
"ELG-150-12A","ELG-150","matched"
"ELG-150-12A-3Y","ELG-150","matched"
"ELG-200-12A","ELG-200","matched"
"ELG-240-24A-3Y","ELG-240","matched"
"ELG-300-12A","ELG-300","matched"
"ELG-300-24A","ELG-300","matched"
"ELG-300-24A-3Y","ELG-300","matched"
"ELG-75-12A","ELG-75","matched"
"EPP-300-12","EPP-300","matched"
"EPP-300-24","EPP-300","matched"
"EPS-120-12","EPS-120","matched"
"EPS-120-24","EPS-120","matched"
"EPS-120-27","EPS-120","matched"
"EPS-15-12","EPS-15","matched"
"EPS-15-5","EPS-15","matched"
"EPS-35-12","EPS-35","matched"
"EPS-35-15","EPS-35","matched"
"EPS-35-24","EPS-35","matched"
"EPS-35-36","EPS-35","matched"
"EPS-45-12","EPS-45","matched"
"EPS-45-24","EPS-45","matched"
"EPS-45-48","EPS-45","matched"
"EPS-65-12","EPS-65","matched"
"EPS-65-24","EPS-65","matched"
"EPS-65-48","EPS-65","matched"
"EPS-65S-12","EPS-65S","matched"
"EPS-65S-5","EPS-65S","matched"
"ERDN20","ERDN20","matched"
"ERDN40","ERDN40","matched"
"GST280A","GST280A","matched"
"GST360A","GST360A","matched"
"GST60A24","GST60A","matched"
"HDR-100-12","HDR-100","matched"
"HDR-100-15","HDR-100","matched"
"HDR-100-24","HDR-100","matched"
"HDR-100-48","HDR-100","matched"
"HDR-150-12","HDR-150","matched"
"HDR-150-15","HDR-150","matched"
"HDR-150-24","HDR-150","matched"
"HDR-150-48","HDR-150","matched"
"HDR-15-12","HDR-15","matched"
"HDR-15-15","HDR-15","matched"
"HDR-15-24","HDR-15","matched"
"HDR-15-5","HDR-15","matched"
"HDR-30-12","HDR-30","matched"
"HDR-30-15","HDR-30","matched"
"HDR-30-24","HDR-30","matched"
"HDR-30-48","HDR-30","matched"
"HDR-30-5","HDR-30","matched"
"HDR-60-12","HDR-60","matched"
"HDR-60-15","HDR-60","matched"
"HDR-60-24","HDR-60","matched"
"HDR-60-48","HDR-60","matched"
"HDR-60-5","HDR-60","matched"
"HLG-120H-12A","HLG-120H","matched"
"HLG-120H-15A","HLG-120H","matched"
"HLG-120H-48B","HLG-120H","matched"
"HLG-150H-24A","HLG-150H","matched"
"HLG-150H-30","HLG-150H","matched"
"HLG-150H-30A","HLG-150H","matched"
"HLG-150H-36A","HLG-150H","matched"
"HLG-150H-48B","HLG-150H","matched"
"HLG-185H-24","HLG-185H","matched"
"HLG-185H-24A","HLG-185H","matched"
"HLG-185H-36","HLG-185H","matched"
"HLG-185H-36A","HLG-185H","matched"
"HLG-185H-48B","HLG-185H","matched"
"HLG-240H-24A","HLG-240H","matched"
"HLG-240H-36A","HLG-240H","matched"
"HLG-320H-30A","HLG-320H","matched"
"HLG-40H-24","HLG-40H","matched"
"HLG-600H-24A","HLG-600H","matched"
"HLG-600H-48A","HLG-600H","matched"
"HLG-600H-54AB","HLG-600H","matched"
"HLG-60H-12","HLG-60H","matched"
"HLG-60H-36","HLG-60H","matched"
"HLG-60H-36A","HLG-60H","matched"
"HLG-80H-12","HLG-80H","matched"
"HRP-100-15","HRP-100","matched"
"HRP-100-24","HRP-100","matched"
"HRP-150-15","HRP-150","matched"
"HRP-150-24","HRP-150","matched"
"HRP-200-12","HRP-200","matched"
"HRP-200-24","HRP-200","matched"
"HRP-300-12","HRP-300","matched"
"HRP-300-15","HRP-300","matched"
"HRP-300-24","HRP-300","matched"
"HRP-450-24","HRP-450","matched"
"HRP-600-15","HRP-600","matched"
"HRP-600-24","HRP-600","matched"
"HRP-600-48","HRP-600","matched"
"HRP-75-24","HRP-75","matched"
"HRP-75-5","HRP-75","matched"
"HRPG-1000-12","HRPG-1000","matched"
"HRPG-1000-24","HRPG-1000","matched"
"HRPG-1000-48","HRPG-1000","matched"
"HRPG-150-5","HRPG-150","matched"
"HVGC-650-U-AB","HVGC-650","matched"
"IRM-01-12","IRM-01","matched"
"IRM-02-5","IRM-02","matched"
"IRM-03-12","IRM-03","matched"
"IRM-03-15","IRM-03","matched"
"IRM-03-5","IRM-03","matched"
"IRM-05-12","IRM-05","matched"
"IRM-05-5","IRM-05","matched"
"IRM-10-12","IRM-10","matched"
"IRM-10-15","IRM-10","matched"
"IRM-10-24","IRM-10","matched"
"IRM-10-5","IRM-10","matched"
"IRM-15-12","IRM-15","matched"
"IRM-20-12","IRM-20","matched"
"IRM-20-24","IRM-20","matched"
"IRM-30-12","IRM-30","matched"
"IRM-30-24","IRM-30","matched"
"IRM-30-5","IRM-30","matched"
"IRM-45-12ST","IRM-45","matched"
"IRM-60-12","IRM-60","matched"
"IRM-60-24","IRM-60","matched"
"LOP-200-12","LOP-200","matched"
"LOP-200-15","LOP-200","matched"
"LOP-200-24","LOP-200","matched"
"LOP-300-12","LOP-300","matched"
"LOP-300-24","LOP-300","matched"
"LOP-300-48","LOP-300","matched"
"LOP-400-12","LOP-400","matched"
"LOP-400-24","LOP-400","matched"
"LOP-500-12","LOP-500","matched"
"LOP-500-24","LOP-500","matched"
"LOP-600-24","LOP-600","matched"
"LOP-600-48","LOP-600","matched"
"LPH-18-24","LPH-18","matched"
"LRS-100-12","LRS-100","matched"
"LRS-100-24","LRS-100","matched"
"LRS-100-36","LRS-100","matched"
"LRS-100-48","LRS-100","matched"
"LRS-100-5","LRS-100","matched"
"LRS-1200-12","LRS-1200","matched"
"LRS-1200-24","LRS-1200","matched"
"LRS-1200-36","LRS-1200","matched"
"LRS-1200-48","LRS-1200","matched"
"LRS-150-12","LRS-150","matched"
"LRS-150-15","LRS-150","matched"
"LRS-150-24","LRS-150","matched"
"LRS-150-36","LRS-150","matched"
"LRS-150-48","LRS-150","matched"
"LRS-150F-12","LRS-150F","matched"
"LRS-150F-15","LRS-150F","matched"
"LRS-150F-24","LRS-150F","matched"
"LRS-150F-36","LRS-150F","matched"
"LRS-150F-5","LRS-150F","matched"
"LRS-200-12","LRS-200","matched"
"LRS-200-15","LRS-200","matched"
"LRS-200-24","LRS-200","matched"
"LRS-200-36","LRS-200","matched"
"LRS-200-48","LRS-200","matched"
"LRS-200-5","LRS-200","matched"
"LRS-350-12","LRS-350","matched"
"LRS-350-15","LRS-350","matched"
"LRS-350-24","LRS-350","matched"
"LRS-350-48","LRS-350","matched"
"LRS-350-5","LRS-350","matched"
"LRS-35-12","LRS-35","matched"
"LRS-35-15","LRS-35","matched"
"LRS-35-24","LRS-35","matched"
"LRS-35-36","LRS-35","matched"
"LRS-35-48","LRS-35","matched"
"LRS-35-5","LRS-35","matched"
"LRS-450-12","LRS-450","matched"
"LRS-450-15","LRS-450","matched"
"LRS-450-24","LRS-450","matched"
"LRS-450-36","LRS-450","matched"
"LRS-450-48","LRS-450","matched"
"LRS-450-5","LRS-450","matched"
"LRS-50-12","LRS-50","matched"
"LRS-50-15","LRS-50","matched"
"LRS-50-24","LRS-50","matched"
"LRS-50-3.3","LRS-50","matched"
"LRS-50-36","LRS-50","matched"
"LRS-50-48","LRS-50","matched"
"LRS-50-5","LRS-50","matched"
"LRS-600-15","LRS-600","matched"
"LRS-600-27","LRS-600","matched"
"LRS-75-15","LRS-75","matched"
"LRS-75-36","LRS-75","matched"
"MDR-100-12","MDR-100","matched"
"MDR-100-48","MDR-100","matched"
"MDR-10-15","MDR-10","matched"
"MDR-20-15","MDR-20","matched"
"MDR-40-48","MDR-40","matched"
"MDR-60-48","MDR-60","matched"
"MFM-05-12","MFM-05","matched"
"MFM-05-5","MFM-05","matched"
"MFM-15-15","MFM-15","matched"
"MFM-20-12","MFM-20","matched"
"MFM-30-5","MFM-30","matched"
"MSP-100-24","MSP-100","matched"
"MSP-300-12","MSP-300","matched"
"MSP-300-24","MSP-300","matched"
"MSP-300-36","MSP-300","matched"
"MSP-450-24","MSP-450","matched"
"MSP-450-48","MSP-450","matched"
"NDR-120-48","NDR-120","matched"
"NDR-75-48","NDR-75","matched"
"NPB-450-72","NPB-450","matched"
"NPP-750-48","NPP-750","matched"
"NSP-100-12","NSP-100","matched"
"NSP-100-24","NSP-100","matched"
"NSP-150-12","NSP-150","matched"
"NSP-150-24","NSP-150","matched"
"NSP-1600-12","NSP-1600","matched"
"NSP-1600-24","NSP-1600","matched"
"NSP-200-12","NSP-200","matched"
"NSP-200-24","NSP-200","matched"
"NSP-3200-24","NSP-3200","matched"
"NSP-3200-48","NSP-3200","matched"
"NSP-320-12","NSP-320","matched"
"NSP-320-24","NSP-320","matched"
"NSP-500-12","NSP-500","matched"
"NSP-500-24","NSP-500","matched"
"NSP-750-12","NSP-750","matched"
"NSP-750-24","NSP-750","matched"
"NSP-75-12","NSP-75","matched"
"NSP-75-24","NSP-75","matched"
"RCP-2000-48","RCP-2000","matched"
"RD-125-2448","RD-125","matched"
"RID-125-2405","RID-125","matched"
"RPS-120-12","RPS-120","matched"
"RPS-120-12-C","RPS-120","matched"
"RPS-120-15","RPS-120","matched"
"RPS-120-24","RPS-120","matched"
"RPS-120-C","RPS-120","matched"
"RPS-160-12","RPS-160","matched"
"RPS-200-12","RPS-200","matched"
"RPS-200-24","RPS-200","matched"
"RPS-200-27","RPS-200","matched"
"RPS-200-48","RPS-200","matched"
"RPS-45-5","RPS-45","matched"
"RPS-65-12","RPS-65","matched"
"RPS-65-5","RPS-65","matched"
"RPS-75-12","RPS-75","matched"
"RPS-75-24","RPS-75","matched"
"RPS-75-48","RPS-75","matched"
"RPS-75-5","RPS-75","matched"
"RS-150-12","RS-150","matched"
"RS-150-5","RS-150","matched"
"RS-15-12","RS-15","matched"
"RS-15-15","RS-15","matched"
"RS-15-24","RS-15","matched"
"RS-15-3.3","RS-15","matched"
"RS-15-5","RS-15","matched"
"RS-25-15","RS-25","matched"
"RS-25-48","RS-25","matched"
"RS-50-15","RS-50","matched"
"RS-50-3.3","RS-50","matched"
"RS-50-5","RS-50","matched"
"RS-75-12","RS-75","matched"
"RSD-150B-24","RSD-150","matched"
"RSD-200B-12","RSD-200","matched"
"RSD-200B-24","RSD-200","matched"
"RSD-30G-12","RSD-30","matched"
"RSD-60G-12","RSD-60","matched"
"RSD-60H-12","RSD-60","matched"
"RSDW20","","unmatched"
"RSP-1000-36","RSP-1000","matched"
"RSP-100-12","RSP-100","matched"
"RSP-100-24","RSP-100","matched"
"RSP-100-5","RSP-100","matched"
"RSP-150-15","RSP-150","matched"
"RSP-2000-36","RSP-2000","matched"
"RSP-2400-36","RSP-2400","matched"
"RSP-2400-48","RSP-2400","matched"
"RSP-320-15","RSP-320","matched"
"RSP-320-48","RSP-320","matched"
"RSP-320-5","RSP-320","matched"
"RSP-75-24","RSP-75","matched"
"RSP-75-5","RSP-75","matched"
"RST-5000-24","RST-5000","matched"
"SBTN01","","unmatched"
"SD-150C-24","SD-150","matched"
"SD-200C-24","SD-200","matched"
"SD-25B-12","SD-25","matched"
"SD-25B-24","SD-25","matched"
"SD-50B-12","SD-50","matched"
"SD-50B-24","SD-50","matched"
"SDR-480-48","SDR-480","matched"
"SDR-960-48","SDR-960","matched"
"SE-1000-24","SE-1000","matched"
"SE-1000-48","SE-1000","matched"
"SE-1500-48","SE-1500","matched"
"SPAN02","","unmatched"
"SPRN01","","unmatched"
"SPUN02","","unmatched"
"TDR-240-48","TDR-240","matched"
"TDR-480-48","TDR-480","matched"
"TDR-960-48","TDR-960","matched"
"UHP-1500-48","UHP-1500","matched"
"UHP-200-12","UHP-200","matched"
"UHP-350-24","UHP-350","matched"
"UHP-350-36","UHP-350","matched"
"WDR-120-12","WDR-120","matched"
"WDR-120-48","WDR-120","matched"
"WDR-240-48","WDR-240","matched"
"WDR-480-48","WDR-480","matched"
"WDR-60-24","WDR-60","matched"
"WDR-60-48","WDR-60","matched"
"WDR-60-5","WDR-60","matched"
"X - RPS-120-15","","unmatched"
"XDR-120-12","XDR-120","matched"
"XDR-120-24","XDR-120","matched"
"XDR-120-36","XDR-120","matched"
"XDR-120-48","XDR-120","matched"
"XDR-240-12","XDR-240","matched"
"XDR-240-24","XDR-240","matched"
"XDR-240-36","XDR-240","matched"
"XDR-240-48","XDR-240","matched"
"XDR-480-12","XDR-480","matched"
"XDR-480-24","XDR-480","matched"
"XDR-480-36","XDR-480","matched"
"XDR-480-48","XDR-480","matched"
"XDR-75, XDR-120","XDR-75","matched"
"XDR-75-12","XDR-75","matched"
"XDR-75-24","XDR-75","matched"
"XDR-75-36","XDR-75","matched"
"XDR-75-48","XDR-75","matched"
"XDR-960-12","XDR-960","matched"
"XDR-960-24","XDR-960","matched"
"XDR-960-36","XDR-960","matched"
"XDR-960-48","XDR-960","matched"
"XLG-100-L-AB","XLG-100","matched"
"XLG-150-24-A","XLG-150","matched"
"XLG-150-L-AB","XLG-150","matched"
"XLG-240-M-AB","XLG-240","matched"
"XLG-25-A","XLG-25","matched"
"XLG-320-M-AB","XLG-320","matched"
"XLG-320-V-A","XLG-320","matched"
"XLG-50-A","XLG-50","matched"
"XLG-75-24-A","XLG-75","matched"
"XTR-240-12","XTR-240","matched"
"XTR-240-24","XTR-240","matched"
"XTR-240-36","XTR-240","matched"
"XTR-240-48","XTR-240","matched"
"XTR-480-12","XTR-480","matched"
"XTR-480-24","XTR-480","matched"
"XTR-480-36","XTR-480","matched"
"XTR-480-48","XTR-480","matched"
"XTR-960-24","XTR-960","matched"
"XTR-960-36","XTR-960","matched"
"XTR-960-48","XTR-960","matched"
